<?xml version="1.0" encoding="UTF-8"?>
<!DOCTYPE hibernate-configuration PUBLIC
		"-//Hibernate/Hibernate Configuration DTD 3.0//EN"
		"http://www.hibernate.org/dtd/hibernate-configuration-3.0.dtd">
<hibernate-configuration>
    <session-factory>
        <property name="hibernate.connection.driver_class">com.mysql.jdbc.Driver</property>
        <property name="hibernate.connection.password">localdev123</property>
        <property name="hibernate.connection.url">jdbc:mysql://10.1.40.32:3306/EVENT_BOOKING_MNG</property>
        <property name="hibernate.connection.username">app</property>
        <property name="hibernate.dialect">org.hibernate.dialect.MySQL5Dialect</property>
    </session-factory>
</hibernate-configuration>
