<?xml version="1.0" encoding="UTF-8"?>
<!DOCTYPE hibernate-reverse-engineering PUBLIC "-//Hibernate/Hibernate Reverse Engineering DTD 3.0//EN" "http://hibernate.org/dtd/hibernate-reverse-engineering-3.0.dtd" >

<hibernate-reverse-engineering>
  <table-filter match-catalog="EVENT_BOOKING_MNG" match-name="ACCOUNT"/>
  <table-filter match-catalog="EVENT_BOOKING_MNG" match-name="ATTENDEE"/>
  <table-filter match-catalog="EVENT_BOOKING_MNG" match-name="DOCUMENT_HISTORY"/>
  <table-filter match-catalog="EVENT_BOOKING_MNG" match-name="DOCUMENT_REQUEST"/>
  <table-filter match-catalog="EVENT_BOOKING_MNG" match-name="ENTRIED"/>
  <table-filter match-catalog="EVENT_BOOKING_MNG" match-name="LOCATION"/>
  <table-filter match-catalog="EVENT_BOOKING_MNG" match-name="MAIL_HISTORY"/>
  <table-filter match-catalog="EVENT_BOOKING_MNG" match-name="MAIL_TEMPLATE"/>
  <table-filter match-catalog="EVENT_BOOKING_MNG" match-name="REGISTRATION"/>
  <table-filter match-catalog="EVENT_BOOKING_MNG" match-name="SCHEDULE"/>
</hibernate-reverse-engineering>