<Configuration>
  <Appenders>
    <!-- Console Appender -->
    <Console name="Console" target="SYSTEM_OUT">
      <PatternLayout pattern="%d{yyyy-MMM-dd HH:mm:ss a} [%t] %-5level %logger{36} - %msg%n" />
    </Console>
    <!-- File Appender -->
    <File name="File" fileName="D:/logs/app.log">
      <PatternLayout pattern="%d{yyyy-MMM-dd HH:mm:ss a} [%t] %-5level %logger{36} - %msg%n" />
    </File>
    
  </Appenders>

  <Loggers>
    <!-- Log everything in custom package -->
    <Logger name="yav.offshore.eventbooking" level="debug" additivity="false">
      <AppenderRef ref="Console" />
      <AppenderRef ref="File" />
    </Logger>

    <!-- Log everything in Spring Boot -->
<!--     <Logger name="org.springframework.boot" level="debug" additivity="false"> -->
<!--       <AppenderRef ref="Console" /> -->
<!--       <AppenderRef ref="File" /> -->
<!--     </Logger> -->

<!--     Log everything in Spring Core -->
<!--     <Logger name="org.springframework.core" level="debug" additivity="false"> -->
<!--       <AppenderRef ref="Console" /> -->
<!--       <AppenderRef ref="File" /> -->
<!--     </Logger> -->

    <Root level="error">
      <AppenderRef ref="Console" />
      <AppenderRef ref="File" />
    </Root>
    
  </Loggers>
</Configuration>